<!DOCTYPE hibernate-mapping PUBLIC "-//Hibernate/Hibernate Mapping DTD 3.0//EN" 
"http://hibernate.sourceforge.net/hibernate-mapping-3.0.dtd">  
 <hibernate-mapping>
 
 <class name="p.Emp"   table="Empinh" discriminator-value="emp">
 
 	<id name="id">
 	<generator class="assigned"></generator>
 	</id>
 <discriminator column="type" type="string"></discriminator>
 <property name="ename"></property>
 
 <subclass name="p.RegEmp" discriminator-value="reg_emp">
  <property name="sal"></property>
   <property name="bonus"></property>
   </subclass>
   
    <subclass name="p.ConEmp" discriminator-value="con_emp">
  <property name="pay"></property>
   <property name="period"></property>
   </subclass>
  
 
 
 </class>
  </hibernate-mapping>