<?xml version="1.0" encoding="UTF-8"?>
<beans  
    xmlns="http://www.springframework.org/schema/beans"  
    xmlns:xsi="http://www.w3.org/2001/XMLSchema-instance"  
    xmlns:p="http://www.springframework.org/schema/p"  
    xsi:schemaLocation="http://www.springframework.org/schema/beans  
               http://www.springframework.org/schema/beans/spring-beans-3.0.xsd">  
               
               
<bean id="a1" class="p.Answers">  

<constructor-arg value="1" ></constructor-arg> 
<constructor-arg value="programming lang"></constructor-arg> 
<constructor-arg value="abc"></constructor-arg> 
</bean>  
  
  
<bean id="a2" class="p.Answers">  

<constructor-arg value="2" ></constructor-arg> 
<constructor-arg value="OOPS based"></constructor-arg> 
<constructor-arg value="abcd"></constructor-arg> 
</bean> 


<bean id="q1" class="p.Quest">  

<constructor-arg value="1" ></constructor-arg> 
<constructor-arg value="what is java"></constructor-arg> 

<constructor-arg>
<list>
<ref bean="a1"/>
<ref bean="a2"/>
</list>
</constructor-arg>
</bean> 
</beans>  