<!DOCTYPE hibernate-mapping PUBLIC "-//Hibernate/Hibernate Mapping DTD 3.0//EN" 
"http://hibernate.sourceforge.net/hibernate-mapping-3.0.dtd">  
 <hibernate-mapping>
 
 <class name="p.Emp"   table="payment">
 
 	<id name="id" column="pid">
 	
 	</id>
 
 <property name="ename" column="ename1"></property>
 
<union-subclass name="p.RegEmp">
 
  <property name="sal" column="sal1" ></property>
   <property name="bonus" column="bonus1"></property>
</union-subclass>
   
 <union-subclass name="p.ConEmp">
   
  <property name="pay" column="pay1"></property>
   <property name="period" column="period1"></property>
</union-subclass>
  
 
 
 </class>
  </hibernate-mapping>